Filename,Slope,Intercept
data_1_1.csv,0.880809,-0.269527
data_1_2.csv,1.285603,-0.395853
data_1_3.csv,-0.537850,4.175155
data_1_4.csv,0.633376,1.148131
data_1_5.csv,-1.333069,-0.241305
